,0,tweets,positive_words_count,negative_words_count,positive_words,negative_words,over all sentiment
0,"['volunteers', 'pakistani', 'charity', 'organization', 'distribute', 'food', 'people', 'affect', 'covid', 'pandemic', 'islamabad', 'http', 'asiaalbum']","['volunteers', 'pakistani', 'charity', 'organization', 'distribute', 'food', 'people', 'affect', 'covid', 'pandemic', 'islamabad', 'http', 'asiaalbum']",1,1,",distribute",",pandemic",neutral
1,"['covid', 'infection', 'chinese', 'mainland', 'tuesday', 'http', 'imported', 'case', 'guangdong', 'domestically', 'transmit', 'case', 'person', 'discharge', 'hospital', 'patient', 'treat', 'confirm', 'case', 'amp', 'death', 'total']","['covid', 'infection', 'chinese', 'mainland', 'tuesday', 'http', 'imported', 'case', 'guangdong', 'domestically', 'transmit', 'case', 'person', 'discharge', 'hospital', 'patient', 'treat', 'confirm', 'case', 'amp', 'death', 'total']",2,5,",discharge,treat",",infection,case,case,case,death",negative
2,"['coronavirus', 'watch', 'june', 'http', 'spain', 'new', 'covid', 'death', 'nd', 'straight', 'day', 'europe', 'based', 'airline', 'start', 'resume', 'service', 'france', 'new', 'single', 'day', 'death', 'uk', 'death', 'hit', 'another', 'patient', 'die', 'chile', 'case', 'top']","['coronavirus', 'watch', 'june', 'http', 'spain', 'new', 'covid', 'death', 'nd', 'straight', 'day', 'europe', 'based', 'airline', 'start', 'resume', 'service', 'france', 'new', 'single', 'day', 'death', 'uk', 'death', 'hit', 'another', 'patient', 'die', 'chile', 'case', 'top']",1,5,",top",",death,death,death,die,case",negative
3,"['latest', 'count', 'confirmed', 'covid', 'case', 'worldwide', 'gmt', 'june', 'johns', 'hopkins', 'university', 'world', 'u', 'brazil', 'russia', 'britain', 'spain', 'italy', 'india', 'france', 'germany', 'peru']","['latest', 'count', 'confirmed', 'covid', 'case', 'worldwide', 'gmt', 'june', 'johns', 'hopkins', 'university', 'world', 'u', 'brazil', 'russia', 'britain', 'spain', 'italy', 'india', 'france', 'germany', 'peru']",0,1,,",case",negative
4,"['mass', 'protest', 'u', 'death', 'black', 'man', 'georgefloyd', 'may', 'speed', 'covid', 'transmission', 'expert', 'warn', 'http']","['mass', 'protest', 'u', 'death', 'black', 'man', 'georgefloyd', 'may', 'speed', 'covid', 'transmission', 'expert', 'warn', 'http']",0,3,,",mass,protest,death",negative
5,"['coronavirus', 'late', 'europe', 'http', 'uk', 'covid', 'death', 'hit', 'italy', 'death', 'toll', 'climb', 'spain', 'report', 'new', 'death', 'nd', 'consecutive', 'day', 'france', 'enters', 'nd', 'phase', 'ease', 'restriction']","['coronavirus', 'late', 'europe', 'http', 'uk', 'covid', 'death', 'hit', 'italy', 'death', 'toll', 'climb', 'spain', 'report', 'new', 'death', 'nd', 'consecutive', 'day', 'france', 'enters', 'nd', 'phase', 'ease', 'restriction']",1,5,",ease",",death,death,toll,death,restriction",negative
6,"['u', 'high', 'unemployment', 'largely', 'due', 'poor', 'management', 'covid', 'pandemic', 'federal', 'government', 'economist', 'say', 'http']","['u', 'high', 'unemployment', 'largely', 'due', 'poor', 'management', 'covid', 'pandemic', 'federal', 'government', 'economist', 'say', 'http']",0,2,,",poor,pandemic",negative
7,"['kenya', 'launch', 'virtual', 'safari', 'live', 'stream', 'campaign', 'showcase', 'country', 'wildlife', 'six', 'week', 'expedition', 'across', 'country', 'help', 'connect', 'traveler', 'kenya', 'restricted', 'movement', 'due', 'covid', 'pandemic', 'http']","['kenya', 'launch', 'virtual', 'safari', 'live', 'stream', 'campaign', 'showcase', 'country', 'wildlife', 'six', 'week', 'expedition', 'across', 'country', 'help', 'connect', 'traveler', 'kenya', 'restricted', 'movement', 'due', 'covid', 'pandemic', 'http']",1,2,",help",",restricted,pandemic",negative
8,"['update', 'wuhan', 'screen', 'nearly', 'mln', 'people', 'citywide', 'covid', 'test', 'national', 'resource', 'pull', 'support', 'citywide', 'drive', 'batch', 'testing', 'mix', 'five', 'sample', 'single', 'test', 'employ', 'improve', 'efficiency', 'http']","['update', 'wuhan', 'screen', 'nearly', 'mln', 'people', 'citywide', 'covid', 'test', 'national', 'resource', 'pull', 'support', 'citywide', 'drive', 'batch', 'testing', 'mix', 'five', 'sample', 'single', 'test', 'employ', 'improve', 'efficiency', 'http']",3,0,",screen,support,improve",,positive
9,"['number', 'confirmed', 'covid', 'case', 'across', 'african', 'continent', 'surpass', 'mark', 'tuesday', 'accord', 'africa', 'centers', 'disease', 'control', 'prevention', 'http']","['number', 'confirmed', 'covid', 'case', 'across', 'african', 'continent', 'surpass', 'mark', 'tuesday', 'accord', 'africa', 'centers', 'disease', 'control', 'prevention', 'http']",1,2,",surpass",",case,surpass",negative
10,"['namibia', 'beef', 'export', 'int', 'l', 'market', 'affect', 'covid', 'pandemic', 'even', 'export', 'beef', 'availability', 'might', 'reduce', 'farmer', 'de', 'stocked', 'last', 'year', 'due', 'drought', 'major', 'beef', 'exporter', 'http']","['namibia', 'beef', 'export', 'int', 'l', 'market', 'affect', 'covid', 'pandemic', 'even', 'export', 'beef', 'availability', 'might', 'reduce', 'farmer', 'de', 'stocked', 'last', 'year', 'due', 'drought', 'major', 'beef', 'exporter', 'http']",0,2,,",pandemic,drought",negative
11,"['wuhan', 'spend', 'mln', 'yuan', 'citywide', 'covid', 'test', 'city', 'health', 'commission', 'say', 'test', 'voluntary', 'free', 'cost', 'bear', 'city', 'district', 'government', 'http']","['wuhan', 'spend', 'mln', 'yuan', 'citywide', 'covid', 'test', 'city', 'health', 'commission', 'say', 'test', 'voluntary', 'free', 'cost', 'bear', 'city', 'district', 'government', 'http']",2,0,",voluntary,free",,positive
12,"['confirm', 'covid', 'case', 'find', 'wuhan', 'citywide', 'nucleic', 'acid', 'test', 'nearly', 'mln', 'people', 'http']","['confirm', 'covid', 'case', 'find', 'wuhan', 'citywide', 'nucleic', 'acid', 'test', 'nearly', 'mln', 'people', 'http']",0,1,,",case",negative
13,"['central', 'china', 'wuhan', 'test', 'nearly', 'mln', 'people', 'covid', 'half', 'month', 'screen', 'novel', 'coronavirus', 'infection', 'http']","['central', 'china', 'wuhan', 'test', 'nearly', 'mln', 'people', 'covid', 'half', 'month', 'screen', 'novel', 'coronavirus', 'infection', 'http']",1,1,",screen",",infection",neutral
14,"['opinion', 'china', 'determine', 'open', 'despite', 'covid', 'epidemic', 'http']","['opinion', 'china', 'determine', 'open', 'despite', 'covid', 'epidemic', 'http']",0,1,,",epidemic",negative
15,"['chinese', 'mainland', 'report', 'new', 'domestically', 'transmitted', 'covid', 'case', 'import', 'case', 'report', 'http']","['chinese', 'mainland', 'report', 'new', 'domestically', 'transmitted', 'covid', 'case', 'import', 'case', 'report', 'http']",0,2,,",case,case",negative
16,"['coronavirus', 'watch', 'june', 'http', 'global', 'covid', 'case', 'report', 'top', 'mln', 'u', 'case', 'top', 'mln', 'johns', 'hopkins', 'university', 'chile', 'case', 'exceed', 'death', 'toll', 'hit', 'uk', 'death', 'top', 'another', 'patient', 'die']","['coronavirus', 'watch', 'june', 'http', 'global', 'covid', 'case', 'report', 'top', 'mln', 'u', 'case', 'top', 'mln', 'johns', 'hopkins', 'university', 'chile', 'case', 'exceed', 'death', 'toll', 'hit', 'uk', 'death', 'top', 'another', 'patient', 'die']",3,7,",top,top,top",",case,case,case,death,toll,death,die",negative
17,"['u', 'covid', 'case', 'top', 'million', 'accord', 'johns', 'hopkins', 'university', 'national', 'death', 'toll', 'reach', 'http']","['u', 'covid', 'case', 'top', 'million', 'accord', 'johns', 'hopkins', 'university', 'national', 'death', 'toll', 'reach', 'http']",1,3,",top",",case,death,toll",negative
18,"['realitycheck', 'u', 'fabricate', 'lies', 'shift', 'blame', 'china', 'cover', 'inadequate', 'response', 'covid']","['realitycheck', 'u', 'fabricate', 'lies', 'shift', 'blame', 'china', 'cover', 'inadequate', 'response', 'covid']",0,4,,",fabricate,lies,blame,inadequate",negative
19,"['china', 'inspiration', 'country', 'fight', 'covid', 'say', 'bernard', 'dewit', 'chairman', 'belgian', 'chinese', 'chamber', 'commerce', 'fightvirus']","['china', 'inspiration', 'country', 'fight', 'covid', 'say', 'bernard', 'dewit', 'chairman', 'belgian', 'chinese', 'chamber', 'commerce', 'fightvirus']",1,0,",inspiration",,positive
20,"['latest', 'count', 'confirmed', 'covid', 'case', 'worldwide', 'gmt', 'june', 'johns', 'hopkins', 'university', 'world', 'u', 'brazil', 'russia', 'britain', 'india', 'spain', 'italy', 'peru', 'france', 'germany']","['latest', 'count', 'confirmed', 'covid', 'case', 'worldwide', 'gmt', 'june', 'johns', 'hopkins', 'university', 'world', 'u', 'brazil', 'russia', 'britain', 'india', 'spain', 'italy', 'peru', 'france', 'germany']",0,1,,",case",negative
21,"['peru', 'report', 'new', 'covid', 'infection', 'take', 'national', 'tally', 'http']","['peru', 'report', 'new', 'covid', 'infection', 'take', 'national', 'tally', 'http']",0,2,,",infection,tally",negative
22,"['covid', 'infection', 'chinese', 'mainland', 'wed', 'http', 'imported', 'case', 'shanghai', 'guangdong', 'tianjin', 'fujian', 'domestically', 'transmit', 'case', 'people', 'discharge', 'hospital', 'patient', 'treat', 'confirm', 'case', 'amp', 'death', 'total']","['covid', 'infection', 'chinese', 'mainland', 'wed', 'http', 'imported', 'case', 'shanghai', 'guangdong', 'tianjin', 'fujian', 'domestically', 'transmit', 'case', 'people', 'discharge', 'hospital', 'patient', 'treat', 'confirm', 'case', 'amp', 'death', 'total']",2,5,",discharge,treat",",infection,case,case,case,death",negative
23,"['breaking', 'u', 'covid', 'case', 'surpass', 'million', 'accord', 'johns', 'hopkins', 'university']","['breaking', 'u', 'covid', 'case', 'surpass', 'million', 'accord', 'johns', 'hopkins', 'university']",1,3,",surpass",",breaking,case,surpass",negative
24,"['coordinated', 'disinformation', 'effort', 'stop', 'researcher', 'say', 'kind', 'coordinated', 'disinformation', 'almost', 'entirely', 'right', 'wing', 'phenomenon', 'say', '\\', '\\', 'good', 'coordinated', 'effort', 'fight', 'coronavirus', 'http', 'covid']","['coordinated', 'disinformation', 'effort', 'stop', 'researcher', 'say', 'kind', 'coordinated', 'disinformation', 'almost', 'entirely', 'right', 'wing', 'phenomenon', 'say', '\\', '\\', 'good', 'coordinated', 'effort', 'fight', 'coronavirus', 'http', 'covid']",4,0,",effort,right,good,effort",,positive
25,"['imf', 'chief', 'urge', 'country', 'recognize', 'importance', 'global', 'trade', 'amid', 'covid', 'pandemic', 'guard', 'dramatic', 'retreat', 'globalization', 'http']","['imf', 'chief', 'urge', 'country', 'recognize', 'importance', 'global', 'trade', 'amid', 'covid', 'pandemic', 'guard', 'dramatic', 'retreat', 'globalization', 'http']",0,2,,",pandemic,retreat",negative
26,"['breaking', 'u', 'fed', 'keep', 'interest', 'rate', 'near', 'zero', 'amid', 'covid', 'crisis']","['breaking', 'u', 'fed', 'keep', 'interest', 'rate', 'near', 'zero', 'amid', 'covid', 'crisis']",1,2,",fed",",breaking,crisis",negative
27,"['latest', 'count', 'confirmed', 'covid', 'case', 'gmt', 'june', 'johns', 'hopkins', 'university', 'world', 'us', 'brazil', 'russia', 'britain', 'india', 'spain', 'italy', 'peru', 'france', 'germany', 'iran']","['latest', 'count', 'confirmed', 'covid', 'case', 'gmt', 'june', 'johns', 'hopkins', 'university', 'world', 'us', 'brazil', 'russia', 'britain', 'india', 'spain', 'italy', 'peru', 'france', 'germany', 'iran']",0,1,,",case",negative
28,"['covid', 'research', 'europe', 'could', 'lead', 'first', 'dos', 'vaccine', 'autumn', 'winter', 'italian', 'expert', 'http']","['covid', 'research', 'europe', 'could', 'lead', 'first', 'dos', 'vaccine', 'autumn', 'winter', 'italian', 'expert', 'http']",1,0,",lead",,positive
29,"['china', 'send', 'team', 'medical', 'expert', 'support', 'palestine', 'effort', 'covid', 'pandemic', 'http']","['china', 'send', 'team', 'medical', 'expert', 'support', 'palestine', 'effort', 'covid', 'pandemic', 'http']",2,1,",support,effort",",pandemic",positive
30,"['russia', 'add', 'covid', 'case', 'past', 'hour', 'take', 'total', 'http']","['russia', 'add', 'covid', 'case', 'past', 'hour', 'take', 'total', 'http']",0,1,,",case",negative
31,"['headlines', 'watch', 'slow', 'pandemic', 'minority', 'americas', 'need', 'good', 'access', 'health', 'care', 'http', 'people', 'african', 'descent', 'ethnic', 'minority', 'vulnerable', 'covid', 'structural', 'racism', 'discrimination', 'result', 'health', 'inequity']","['headlines', 'watch', 'slow', 'pandemic', 'minority', 'americas', 'need', 'good', 'access', 'health', 'care', 'http', 'people', 'african', 'descent', 'ethnic', 'minority', 'vulnerable', 'covid', 'structural', 'racism', 'discrimination', 'result', 'health', 'inequity']",1,5,",good",",slow,pandemic,vulnerable,racism,discrimination",negative
32,"['latest', 'count', 'covid', 'case', 'hardest', 'hit', 'country', 'gmt', 'june', 'jhu', 'world', 'u', 'brazil', 'russia', 'uk', 'india', 'spain', 'italy', 'peru', 'france', 'germany', 'iran', 'turkey', 'chile']","['latest', 'count', 'covid', 'case', 'hardest', 'hit', 'country', 'gmt', 'june', 'jhu', 'world', 'u', 'brazil', 'russia', 'uk', 'india', 'spain', 'italy', 'peru', 'france', 'germany', 'iran', 'turkey', 'chile']",0,1,,",case",negative
33,"['un', 'chief', 'warns', 'impend', 'global', 'food', 'emergency', 'amid', 'covid', 'pandemic', 'http']","['un', 'chief', 'warns', 'impend', 'global', 'food', 'emergency', 'amid', 'covid', 'pandemic', 'http']",0,2,,",emergency,pandemic",negative
34,"['france', 'economy', 'course', 'shrink', 'due', 'covid', 'outbreak', 'say', 'country', 'central', 'bank']","['france', 'economy', 'course', 'shrink', 'due', 'covid', 'outbreak', 'say', 'country', 'central', 'bank']",0,1,,",outbreak",negative
35,"['u', 'covid', 'death', 'top', 'johns', 'hopkins', 'university', 'http']","['u', 'covid', 'death', 'top', 'johns', 'hopkins', 'university', 'http']",1,1,",top",",death",neutral
36,"['covid', 'neutralize', 'antibody', 'enters', 'phase', 'clinical', 'trial', 'shanghai', 'http']","['covid', 'neutralize', 'antibody', 'enters', 'phase', 'clinical', 'trial', 'shanghai', 'http']",0,0,,,neutral
37,"['million', 'chinese', 'community', 'worker', 'guard', 'covid', 'say', 'white', 'paper', 'http']","['million', 'chinese', 'community', 'worker', 'guard', 'covid', 'say', 'white', 'paper', 'http']",0,0,,,neutral
38,"['science', 'technology', 'underpin', 'china', 'covid', 'fight', 'white', 'paper', 'http']","['science', 'technology', 'underpin', 'china', 'covid', 'fight', 'white', 'paper', 'http']",0,0,,,neutral
39,"['music', 'food', 'game', 'follow', 'vlog', 'taste', 'buzz', 'vigor', 'vibe', 'shanghai', 'night', 'market', 'covid', 'restriction', 'ease']","['music', 'food', 'game', 'follow', 'vlog', 'taste', 'buzz', 'vigor', 'vibe', 'shanghai', 'night', 'market', 'covid', 'restriction', 'ease']",1,1,",ease",",restriction",neutral
40,"['u', 'fed', 'keep', 'near', 'zero', 'interest', 'rate', 'http', 'sharper', 'downturn', 'slow', 'recovery', 'economic', 'recovery', 'expect', 'last', 'year', 'fed', 'chair', 'suggest', 'congress', 'help', 'unemployed', 'small', 'business', 'owner', 'amid', 'covid', 'crisis']","['u', 'fed', 'keep', 'near', 'zero', 'interest', 'rate', 'http', 'sharper', 'downturn', 'slow', 'recovery', 'economic', 'recovery', 'expect', 'last', 'year', 'fed', 'chair', 'suggest', 'congress', 'help', 'unemployed', 'small', 'business', 'owner', 'amid', 'covid', 'crisis']",6,4,",fed,sharper,recovery,recovery,fed,help",",downturn,slow,unemployed,crisis",positive
41,"['process', 'recruit', 'medical', 'assistant', 'malawi', 'fight', 'covid', 'interrupt', 'due', 'heavy', 'turnout', 'youth', 'seek', 'job', 'http']","['process', 'recruit', 'medical', 'assistant', 'malawi', 'fight', 'covid', 'interrupt', 'due', 'heavy', 'turnout', 'youth', 'seek', 'job', 'http']",0,1,,",interrupt",negative
42,"['brazilian', 'industry', 'see', 'poor', 'monthly', 'performance', 'decade', 'april', 'reflect', 'impact', 'severe', 'lasting', 'reduction', 'demand', 'amid', 'covid', 'pandemic', 'http']","['brazilian', 'industry', 'see', 'poor', 'monthly', 'performance', 'decade', 'april', 'reflect', 'impact', 'severe', 'lasting', 'reduction', 'demand', 'amid', 'covid', 'pandemic', 'http']",0,3,,",poor,severe,pandemic",negative
43,"['china', 'call', 'international', 'community', 'crack', 'disinformation', 'covid', 'pandemic', 'http']","['china', 'call', 'international', 'community', 'crack', 'disinformation', 'covid', 'pandemic', 'http']",0,2,,",crack,pandemic",negative
44,"['chinese', 'medical', 'expert', 'bring', 'hope', 'african', 'country', 'fight', 'covid', 'say', 'francisco', 'pascual', 'obama', 'asue', 'prime', 'minister', 'republic', 'equatorial', 'guinea', 'http']","['chinese', 'medical', 'expert', 'bring', 'hope', 'african', 'country', 'fight', 'covid', 'say', 'francisco', 'pascual', 'obama', 'asue', 'prime', 'minister', 'republic', 'equatorial', 'guinea', 'http']",0,0,,,neutral
45,"['brazil', 'revise', 'late', 'covid', 'death', 'toll', 'caseload', 'new', 'figure', 'bring', 'brazil', 'overall', 'death', 'toll', 'case', 'infection', 'http']","['brazil', 'revise', 'late', 'covid', 'death', 'toll', 'caseload', 'new', 'figure', 'bring', 'brazil', 'overall', 'death', 'toll', 'case', 'infection', 'http']",0,6,,",death,toll,death,toll,case,infection",negative
46,"['medical', 'team', 'send', 'chinese', 'gov', 'arrive', 'bangladesh', 'support', 'fight', 'covid', 'pandemic', 'http']","['medical', 'team', 'send', 'chinese', 'gov', 'arrive', 'bangladesh', 'support', 'fight', 'covid', 'pandemic', 'http']",1,1,",support",",pandemic",neutral
47,"['china', 'sunday', 'issue', 'white', 'paper', 'country', 'battle', 'covid', 'much', 'know', 'china', 'fight', 'covid', 'take', 'quiz', 'find', 'http']","['china', 'sunday', 'issue', 'white', 'paper', 'country', 'battle', 'covid', 'much', 'know', 'china', 'fight', 'covid', 'take', 'quiz', 'find', 'http']",0,1,,",issue",negative
48,"['landmarks', 'across', 'new', 'york', 'state', 'lit', 'blue', 'gold', 'honor', 'new', 'yorkers', 'work', 'flatten', 'curve', 'covid']","['landmarks', 'across', 'new', 'york', 'state', 'lit', 'blue', 'gold', 'honor', 'new', 'yorkers', 'work', 'flatten', 'curve', 'covid']",2,0,",gold,honor",,positive
49,"['coronavirus', 'watch', 'update', 'june', 'http', 'russia', 'case', 'grow', 'new', 'zealand', 'move', 'covid', 'alert', 'level', 'back', 'normal', 'except', 'border', 'control', 'hong', 'kong', 'ocean', 'park', 'disneyland', 'reopen', 'soon', 'book', 'fair', 'schedule', 'july']","['coronavirus', 'watch', 'update', 'june', 'http', 'russia', 'case', 'grow', 'new', 'zealand', 'move', 'covid', 'alert', 'level', 'back', 'normal', 'except', 'border', 'control', 'hong', 'kong', 'ocean', 'park', 'disneyland', 'reopen', 'soon', 'book', 'fair', 'schedule', 'july']",1,1,",fair",",case",neutral
50,"['scholars', 'urge', 'international', 'cooperation', 'fight', 'covid', 'infection', 'worldwide', 'reach', 'million']","['scholars', 'urge', 'international', 'cooperation', 'fight', 'covid', 'infection', 'worldwide', 'reach', 'million']",0,1,,",infection",negative
51,"['officials', 'expert', 'warn', 'u', 'exit', 'would', 'undermine', 'international', 'effort', 'fight', 'covid', 'pandemic', 'guarantee', 'public', 'health', 'save', 'life']","['officials', 'expert', 'warn', 'u', 'exit', 'would', 'undermine', 'international', 'effort', 'fight', 'covid', 'pandemic', 'guarantee', 'public', 'health', 'save', 'life']",3,2,",effort,guarantee,save",",undermine,pandemic",positive
52,"['latest', 'count', 'confirmed', 'covid', 'case', 'worldwide', 'gmt', 'june', 'jhu', 'world', 'u', 'brazil', 'russia', 'uk', 'india', 'spain', 'italy', 'peru', 'france', 'germany', 'iran', 'turkey']","['latest', 'count', 'confirmed', 'covid', 'case', 'worldwide', 'gmt', 'june', 'jhu', 'world', 'u', 'brazil', 'russia', 'uk', 'india', 'spain', 'italy', 'peru', 'france', 'germany', 'iran', 'turkey']",0,1,,",case",negative
53,"['xi', 'personally', 'promote', 'int', 'l', 'cooperation', 'covid', 'white', 'paper', 'http']","['xi', 'personally', 'promote', 'int', 'l', 'cooperation', 'covid', 'white', 'paper', 'http']",0,0,,,neutral
54,"['cpc', 'strong', 'leadership', 'fundamental', 'china', 'rapid', 'covid', 'containment', 'white', 'paper', 'http']","['cpc', 'strong', 'leadership', 'fundamental', 'china', 'rapid', 'covid', 'containment', 'white', 'paper', 'http']",2,0,",strong,rapid",,positive
55,"['cure', 'rate', 'covid', 'reach', 'chinese', 'mainland', 'say', 'white', 'paper', 'china', 'fight', 'covid', 'http']","['cure', 'rate', 'covid', 'reach', 'chinese', 'mainland', 'say', 'white', 'paper', 'china', 'fight', 'covid', 'http']",1,0,",cure",,positive
56,"['traditional', 'chinese', 'medicine', 'tcm', 'use', 'treat', 'covid', 'case', 'china', 'white', 'paper', 'http']","['traditional', 'chinese', 'medicine', 'tcm', 'use', 'treat', 'covid', 'case', 'china', 'white', 'paper', 'http']",1,1,",treat",",case",neutral
57,"['live', 'china', 'state', 'council', 'information', 'office', 'release', 'white', 'paper', 'fight', 'covid', 'press', 'conference', 'beijing', 'covid']","['live', 'china', 'state', 'council', 'information', 'office', 'release', 'white', 'paper', 'fight', 'covid', 'press', 'conference', 'beijing', 'covid']",0,0,,,neutral
58,"['china', 'provide', 'emergency', 'medical', 'aid', 'nation', 'int', 'l', 'organization', 'fight', 'covid', 'epidemic', 'overcome', 'difficulty', 'covidtimeline']","['china', 'provide', 'emergency', 'medical', 'aid', 'nation', 'int', 'l', 'organization', 'fight', 'covid', 'epidemic', 'overcome', 'difficulty', 'covidtimeline']",1,3,",aid",",emergency,epidemic,difficulty",negative
59,"['aviation', 'industry', 'face', 'unprecedented', 'shock', 'covid', 'speed', 'scale', 'see', 'century', 'however', 'resilient', 'industry', 'recover', 'grow', 'say', 'boeing', 'ceo', 'read', 'http']","['aviation', 'industry', 'face', 'unprecedented', 'shock', 'covid', 'speed', 'scale', 'see', 'century', 'however', 'resilient', 'industry', 'recover', 'grow', 'say', 'boeing', 'ceo', 'read', 'http']",2,1,",resilient,recover",",shock",positive
60,"['argentina', 'reimpose', 'lockdown', 'due', 'rapid', 'spread', 'covid', 'say', 'president', 'http']","['argentina', 'reimpose', 'lockdown', 'due', 'rapid', 'spread', 'covid', 'say', 'president', 'http']",1,2,",rapid",",lockdown,spread",negative
61,"['covid', 'pandemic', 'trigger', 'severe', 'recession', 'nearly', 'century', 'path', 'economic', 'recovery', 'remain', 'highly', 'uncertain', 'vulnerable', 'second', 'wave', 'infection', 'oecd', 'http']","['covid', 'pandemic', 'trigger', 'severe', 'recession', 'nearly', 'century', 'path', 'economic', 'recovery', 'remain', 'highly', 'uncertain', 'vulnerable', 'second', 'wave', 'infection', 'oecd', 'http']",1,6,",recovery",",pandemic,severe,recession,uncertain,vulnerable,infection",negative
62,"['covid', 'infection', 'chinese', 'mainland', 'tuesday', 'http', 'imported', 'case', 'inner', 'mongolia', 'amp', 'tianjin', 'domestically', 'transmit', 'case', 'people', 'discharge', 'hospital', 'patient', 'treat', 'confirm', 'case', 'amp', 'death', 'total']","['covid', 'infection', 'chinese', 'mainland', 'tuesday', 'http', 'imported', 'case', 'inner', 'mongolia', 'amp', 'tianjin', 'domestically', 'transmit', 'case', 'people', 'discharge', 'hospital', 'patient', 'treat', 'confirm', 'case', 'amp', 'death', 'total']",2,5,",discharge,treat",",infection,case,case,case,death",negative
63,"['investment', 'brazil', 'plunge', 'pct', 'april', 'due', 'covid', 'http']","['investment', 'brazil', 'plunge', 'pct', 'april', 'due', 'covid', 'http']",0,0,,,neutral
64,"['overseas', 'observer', 'speak', 'highly', 'china', 'white', 'paper', 'covid', 'say', 'bring', 'great', 'inspiration', 'global', 'battle', 'pandemic', 'http']","['overseas', 'observer', 'speak', 'highly', 'china', 'white', 'paper', 'covid', 'say', 'bring', 'great', 'inspiration', 'global', 'battle', 'pandemic', 'http']",2,1,",great,inspiration",",pandemic",positive
65,"['global', 'covid', 'death', 'surpass', 'johns', 'hopkins', 'university']","['global', 'covid', 'death', 'surpass', 'johns', 'hopkins', 'university']",1,2,",surpass",",death,surpass",negative
66,"['russia', 'confirm', 'new', 'covid', 'case', 'past', 'hour', 'take', 'total', 'http']","['russia', 'confirm', 'new', 'covid', 'case', 'past', 'hour', 'take', 'total', 'http']",0,1,,",case",negative
67,"['china', 'export', 'protective', 'material', 'country', 'region', 'march', 'may', 'help', 'fight', 'covid', 'white', 'paper', 'http']","['china', 'export', 'protective', 'material', 'country', 'region', 'march', 'may', 'help', 'fight', 'covid', 'white', 'paper', 'http']",2,0,",protective,help",,positive
68,"['chinese', 'charity', 'receive', 'donation', 'total', 'billion', 'u', 'dollar', 'covid', 'fight', 'may', 'white', 'paper', 'http']","['chinese', 'charity', 'receive', 'donation', 'total', 'billion', 'u', 'dollar', 'covid', 'fight', 'may', 'white', 'paper', 'http']",0,0,,,neutral
69,"['china', 'endeavor', 'minimize', 'covid', 'impact', 'social', 'economic', 'development', 'white', 'paper', 'http']","['china', 'endeavor', 'minimize', 'covid', 'impact', 'social', 'economic', 'development', 'white', 'paper', 'http']",1,0,",endeavor",,positive
70,"['china', 'believe', 'world', 'emerge', 'covid', 'dark', 'moment', 'long', 'country', 'unite', 'cooperate', 'mount', 'collective', 'response', 'white', 'paper', 'http']","['china', 'believe', 'world', 'emerge', 'covid', 'dark', 'moment', 'long', 'country', 'unite', 'cooperate', 'mount', 'collective', 'response', 'white', 'paper', 'http']",0,1,,",dark",negative
71,"['chinese', 'mainland', 'report', 'new', 'import', 'covid', 'case', 'friday', 'case', 'report', 'guangdong', 'province', 'http']","['chinese', 'mainland', 'report', 'new', 'import', 'covid', 'case', 'friday', 'case', 'report', 'guangdong', 'province', 'http']",0,2,,",case,case",negative
72,"['latest', 'count', 'confirmed', 'covid', 'case', 'worldwide', 'gmt', 'june', 'johns', 'hopkins', 'university', 'world', 'u', 'brazil', 'russia', 'britain', 'spain', 'india', 'italy', 'france', 'peru', 'germany']","['latest', 'count', 'confirmed', 'covid', 'case', 'worldwide', 'gmt', 'june', 'johns', 'hopkins', 'university', 'world', 'u', 'brazil', 'russia', 'britain', 'spain', 'india', 'italy', 'france', 'peru', 'germany']",0,1,,",case",negative
73,"['recommend', 'wide', 'use', 'face', 'mask', 'curb', 'covid', 'http']","['recommend', 'wide', 'use', 'face', 'mask', 'curb', 'covid', 'http']",1,0,",recommend",,positive
74,"['chinese', 'president', 'xi', 'jinping', 'call', 'china', 'france', 'contribution', 'win', 'global', 'battle', 'covid', 'china', 'france', 'need', 'continuously', 'support', 'int', '\\', '\\', 'l', 'community', 'join', 'hand', 'pandemic', 'xi', 'tell', 'french', 'president', 'emmanuel', 'macron', 'phone', 'talk']","['chinese', 'president', 'xi', 'jinping', 'call', 'china', 'france', 'contribution', 'win', 'global', 'battle', 'covid', 'china', 'france', 'need', 'continuously', 'support', 'int', '\\', '\\', 'l', 'community', 'join', 'hand', 'pandemic', 'xi', 'tell', 'french', 'president', 'emmanuel', 'macron', 'phone', 'talk']",4,1,",contribution,win,support,join",",pandemic",positive
75,"['china', 'continue', 'offer', 'firm', 'support', 'costa', 'rica', 'fight', 'covid', 'coronavirus', 'disease', 'outbreak', 'remain', 'serious', 'latin', 'america', 'say', 'chinese', 'president', 'xi', 'jinping', 'phone', 'conversation', 'costa', 'rican', 'president', 'carlos', 'alvarado']","['china', 'continue', 'offer', 'firm', 'support', 'costa', 'rica', 'fight', 'covid', 'coronavirus', 'disease', 'outbreak', 'remain', 'serious', 'latin', 'america', 'say', 'chinese', 'president', 'xi', 'jinping', 'phone', 'conversation', 'costa', 'rican', 'president', 'carlos', 'alvarado']",2,2,",offer,support",",outbreak,serious",neutral
76,"['new', 'case', 'curve', 'covid', 'canada', 'flatten', 'health', 'authority', 'warn', 'epidemic', 'likely', 'rebound', 'explosive', 'growth', 'much', 'soon', 'relaxation', 'http']","['new', 'case', 'curve', 'covid', 'canada', 'flatten', 'health', 'authority', 'warn', 'epidemic', 'likely', 'rebound', 'explosive', 'growth', 'much', 'soon', 'relaxation', 'http']",0,3,,",case,epidemic,explosive",negative
77,"['israel', 'learn', 'lot', 'china', 'combat', 'covid', 'pandemic', 'hop', 'scientific', 'cooperation', 'israel', 'china', 'dina', 'ben', 'yehuda', 'dean', 'school', 'medicine', 'hebrew', 'university']","['israel', 'learn', 'lot', 'china', 'combat', 'covid', 'pandemic', 'hop', 'scientific', 'cooperation', 'israel', 'china', 'dina', 'ben', 'yehuda', 'dean', 'school', 'medicine', 'hebrew', 'university']",0,1,,",pandemic",negative
78,"['peru', 'unveils', 'phase', 'two', 'economic', 'reopening', 'despite', 'ongoing', 'covid', 'pandemic', 'http']","['peru', 'unveils', 'phase', 'two', 'economic', 'reopening', 'despite', 'ongoing', 'covid', 'pandemic', 'http']",0,1,,",pandemic",negative
79,"['world', 'bank', 'forest', 'sub', 'saharan', 'africa', 'economy', 'likely', 'decline', 'percent', 'due', 'covid', 'pandemic', 'http']","['world', 'bank', 'forest', 'sub', 'saharan', 'africa', 'economy', 'likely', 'decline', 'percent', 'due', 'covid', 'pandemic', 'http']",0,2,,",decline,pandemic",negative
80,"['click', 'http', 'asia', 'pacific', 'covid', 'news', 'india', 'covid', 'death', 'toll', 'reach', 'total', 'case', 'reach', 'korea', 'report', 'new', 'case', 'new', 'zealand', 'report', 'case', 'day', 'thailand', 'lift', 'curfew', 'day', 'trial', 'state', 'emergency', 'remains']","['click', 'http', 'asia', 'pacific', 'covid', 'news', 'india', 'covid', 'death', 'toll', 'reach', 'total', 'case', 'reach', 'korea', 'report', 'new', 'case', 'new', 'zealand', 'report', 'case', 'day', 'thailand', 'lift', 'curfew', 'day', 'trial', 'state', 'emergency', 'remains']",0,7,,",death,toll,case,case,case,curfew,emergency",negative
81,"['coronavirus', 'watch', 'june', 'http', 'u', 'least', 'state', 'follow', 'cdc', 'guideline', 'report', 'new', 'case', 'finland', 'economy', 'contract', 'around', 'india', 'new', 'delhi', 'estimate', 'half', 'million', 'covid', 'case', 'end', 'july']","['coronavirus', 'watch', 'june', 'http', 'u', 'least', 'state', 'follow', 'cdc', 'guideline', 'report', 'new', 'case', 'finland', 'economy', 'contract', 'around', 'india', 'new', 'delhi', 'estimate', 'half', 'million', 'covid', 'case', 'end', 'july']",1,2,",guideline",",case,case",negative
82,"['russia', 'add', 'covid', 'case', 'past', 'hour', 'take', 'total', 'http']","['russia', 'add', 'covid', 'case', 'past', 'hour', 'take', 'total', 'http']",0,1,,",case",negative
83,"['experts', 'say', 'china', 'white', 'paper', 'covid', 'fight', 'global', 'scientific', 'value', 'http', 'outbreak', 'chinese', 'government', 'effective', 'governance', 'strong', 'anti', 'epidemic', 'measure', 'enable', 'china', 'contain', 'novel', 'coronavirus', 'rapidly', 'korean', 'expert', 'say']","['experts', 'say', 'china', 'white', 'paper', 'covid', 'fight', 'global', 'scientific', 'value', 'http', 'outbreak', 'chinese', 'government', 'effective', 'governance', 'strong', 'anti', 'epidemic', 'measure', 'enable', 'china', 'contain', 'novel', 'coronavirus', 'rapidly', 'korean', 'expert', 'say']",2,3,",effective,strong",",outbreak,anti,epidemic",negative
84,"['diplomat', 'likely', 'attend', 'un', 'general', 'debate', 'september', 'due', 'uncertainty', 'cause', 'covid', 'pandemic', 'unga', 'president', 'say', 'http']","['diplomat', 'likely', 'attend', 'un', 'general', 'debate', 'september', 'due', 'uncertainty', 'cause', 'covid', 'pandemic', 'unga', 'president', 'say', 'http']",0,1,,",pandemic",negative
85,"['china', 'white', 'paper', 'covid', 'fight', 'invaluable', 'scientific', 'amp', 'medical', 'resource', 'say', 'ecuadorian', 'microbiologist', 'http']","['china', 'white', 'paper', 'covid', 'fight', 'invaluable', 'scientific', 'amp', 'medical', 'resource', 'say', 'ecuadorian', 'microbiologist', 'http']",1,0,",invaluable",,positive
86,"['chinese', 'people', 'show', 'great', 'trust', 'party', 'government', 'covid', 'epidemic', 'official']","['chinese', 'people', 'show', 'great', 'trust', 'party', 'government', 'covid', 'epidemic', 'official']",2,1,",great,trust",",epidemic",positive
87,"['u', 'report', 'covid', 'case', 'death', 'global', 'death', 'toll', 'surpass', 'http']","['u', 'report', 'covid', 'case', 'death', 'global', 'death', 'toll', 'surpass', 'http']",1,5,",surpass",",case,death,death,toll,surpass",negative
88,"['china', 'offer', 'help', 'country', 'int', 'l', 'organization', 'fight', 'covid', 'white', 'paper', 'http']","['china', 'offer', 'help', 'country', 'int', 'l', 'organization', 'fight', 'covid', 'white', 'paper', 'http']",2,0,",offer,help",,positive
89,"['china', 'appreciate', 'int', 'l', 'support', 'fight', 'covid', 'white', 'paper', 'http']","['china', 'appreciate', 'int', 'l', 'support', 'fight', 'covid', 'white', 'paper', 'http']",2,0,",appreciate,support",,positive
90,"['china', 'cdc', 'inform', 'u', 'covid', 'jan', 'white', 'paper', 'http']","['china', 'cdc', 'inform', 'u', 'covid', 'jan', 'white', 'paper', 'http']",0,0,,,neutral
91,"['chinese', 'mainland', 'report', 'new', 'confirm', 'covid', 'case', 'http']","['chinese', 'mainland', 'report', 'new', 'confirm', 'covid', 'case', 'http']",0,1,,",case",negative
92,"['china', 'establishes', 'strict', 'efficient', 'covid', 'information', 'release', 'system', 'white', 'paper', 'http']","['china', 'establishes', 'strict', 'efficient', 'covid', 'information', 'release', 'system', 'white', 'paper', 'http']",1,1,",efficient",",strict",neutral
93,"['cure', 'rate', 'covid', 'reach', 'chinese', 'mainland', 'say', 'white', 'paper', 'china', 'fight', 'covid', 'http']","['cure', 'rate', 'covid', 'reach', 'chinese', 'mainland', 'say', 'white', 'paper', 'china', 'fight', 'covid', 'http']",1,0,",cure",,positive
94,"['new', 'york', 'state', 'step', 'reopen', 'daily', 'covid', 'death', 'keep', 'drop', 'state', 'death', 'toll', 'drop', 'new', 'low', 'friday', 'http']","['new', 'york', 'state', 'step', 'reopen', 'daily', 'covid', 'death', 'keep', 'drop', 'state', 'death', 'toll', 'drop', 'new', 'low', 'friday', 'http']",0,3,,",death,death,toll",negative
95,"['covid', 'case', 'u', 'top', 'million', 'death', 'toll', 'johns', 'hopkins', 'university', 'http']","['covid', 'case', 'u', 'top', 'million', 'death', 'toll', 'johns', 'hopkins', 'university', 'http']",1,3,",top",",case,death,toll",negative
96,"['cuba', 'care', 'tourist', 'strand', 'covid', 'pandemic', 'provide', 'accommodation', 'health', 'checkup', 'http']","['cuba', 'care', 'tourist', 'strand', 'covid', 'pandemic', 'provide', 'accommodation', 'health', 'checkup', 'http']",0,1,,",pandemic",negative
97,"['latest', 'count', 'covid', 'case', 'worldwide', 'gmt', 'june', 'world', 'u', 'brazil', 'russia', 'britain', 'spain', 'italy', 'india', 'france', 'germany', 'peru', 'data', 'johns', 'hopkins', 'university']","['latest', 'count', 'covid', 'case', 'worldwide', 'gmt', 'june', 'world', 'u', 'brazil', 'russia', 'britain', 'spain', 'italy', 'india', 'france', 'germany', 'peru', 'data', 'johns', 'hopkins', 'university']",0,1,,",case",negative
98,"['\\', '\\', 'wood', 'trudeau', 'say', 'covid', 'still', 'threaten', 'canadians', '\\', '\\', 'health', 'http']","['\\', '\\', 'wood', 'trudeau', 'say', 'covid', 'still', 'threaten', 'canadians', '\\', '\\', 'health', 'http']",0,1,,",threaten",negative
99,"['come', 'asiapacific', 'covid', 'update', 'http', 'india', '\\', '\\', 'death', 'toll', 'rise', 'total', 'case', 'reach', 'south', 'korea', 'report', 'case', 'total', 'new', 'zealand', 'lift', 'restriction', 'nation', 'declare', 'virus', 'free']","['come', 'asiapacific', 'covid', 'update', 'http', 'india', '\\', '\\', 'death', 'toll', 'rise', 'total', 'case', 'reach', 'south', 'korea', 'report', 'case', 'total', 'new', 'zealand', 'lift', 'restriction', 'nation', 'declare', 'virus', 'free']",1,7,",free",",death,toll,rise,case,case,restriction,virus",negative
100,"['china', '\\', '\\', 'fight', 'covid', 'integrated', 'unique', 'experience', 'tackle', 'virus', 'successful', 'unprecedented', 'measure', 'consider', 'model', 'learn', 'say', 'egyptian', 'lawmaker', 'read', 'interview', 'http']","['china', '\\', '\\', 'fight', 'covid', 'integrated', 'unique', 'experience', 'tackle', 'virus', 'successful', 'unprecedented', 'measure', 'consider', 'model', 'learn', 'say', 'egyptian', 'lawmaker', 'read', 'interview', 'http']",2,1,",integrated,successful",",virus",positive
101,"['unlock', 'start', 'india', 'restaurant', 'push', 'safe', 'dining', 'covid', 'http', 'asiaalbum']","['unlock', 'start', 'india', 'restaurant', 'push', 'safe', 'dining', 'covid', 'http', 'asiaalbum']",1,0,",safe",,positive
102,"['latest', 'count', 'covid', 'case', 'worldwide', 'gmt', 'june', 'world', 'u', 'brazil', 'russia', 'britain', 'india', 'spain', 'italy', 'peru', 'france', 'germany', 'data', 'johns', 'hopkins', 'university']","['latest', 'count', 'covid', 'case', 'worldwide', 'gmt', 'june', 'world', 'u', 'brazil', 'russia', 'britain', 'india', 'spain', 'italy', 'peru', 'france', 'germany', 'data', 'johns', 'hopkins', 'university']",0,1,,",case",negative
103,"['coronavirus', 'late', 'europe', 'http', 'uk', 'covid', 'death', 'rise', 'france', 'death', 'toll', 'rise', 'italy', 'death', 'spain', 'report', 'new', 'death']","['coronavirus', 'late', 'europe', 'http', 'uk', 'covid', 'death', 'rise', 'france', 'death', 'toll', 'rise', 'italy', 'death', 'spain', 'report', 'new', 'death']",0,7,,",death,rise,death,toll,rise,death,death",negative
104,"['china', 'continue', 'make', 'nucleic', 'acid', 'test', 'compulsory', 'among', 'key', 'group', 'available', 'ask', 'test', 'covid', 'http']","['china', 'continue', 'make', 'nucleic', 'acid', 'test', 'compulsory', 'among', 'key', 'group', 'available', 'ask', 'test', 'covid', 'http']",1,0,",available",,positive
105,"['late', 'asiapacific', 'covid', 'news', 'http', 'malaysia', 'record', 'single', 'digit', 'new', 'case', 'bangladesh', 'death', 'toll', 'near', 'case', 'surpass', 'indonesia', 'report', 'newly', 'confirmed', 'case', 'death', 'new', 'zealand', 'move', 'alert', 'level']","['late', 'asiapacific', 'covid', 'news', 'http', 'malaysia', 'record', 'single', 'digit', 'new', 'case', 'bangladesh', 'death', 'toll', 'near', 'case', 'surpass', 'indonesia', 'report', 'newly', 'confirmed', 'case', 'death', 'new', 'zealand', 'move', 'alert', 'level']",1,7,",surpass",",case,death,toll,case,surpass,case,death",negative
106,"['china', 'informs', 'public', 'right', 'covid', 'human', 'human', 'spread', 'determine', 'white', 'paper', 'http']","['china', 'informs', 'public', 'right', 'covid', 'human', 'human', 'spread', 'determine', 'white', 'paper', 'http']",1,1,",right",",spread",neutral
107,"['china', 'launch', 'large', 'medical', 'assistance', 'operation', 'support', 'covid', 'fight', 'wuhan', 'location', 'hubei', 'province', 'white', 'paper', 'http']","['china', 'launch', 'large', 'medical', 'assistance', 'operation', 'support', 'covid', 'fight', 'wuhan', 'location', 'hubei', 'province', 'white', 'paper', 'http']",2,0,",assistance,support",,positive
108,"['china', 'offer', 'assistance', 'african', 'country', 'fight', 'covid', 'continue', 'power', 'offer', 'support', 'white', 'paper', 'http']","['china', 'offer', 'assistance', 'african', 'country', 'fight', 'covid', 'continue', 'power', 'offer', 'support', 'white', 'paper', 'http']",4,0,",offer,assistance,offer,support",,positive
109,"['peru', 'covid', 'caseload', 'rise', 'surpass', 'france', 'become', 'eighth', 'highest', 'world', 'death', 'toll', 'http']","['peru', 'covid', 'caseload', 'rise', 'surpass', 'france', 'become', 'eighth', 'highest', 'world', 'death', 'toll', 'http']",1,4,",surpass",",rise,surpass,death,toll",negative
110,"['covid', 'patient', 'age', 'include', 'seven', 'centenarian', 'cure', 'hubei', 'epicenter', 'china', 'covid', 'outbreak', 'say', 'white', 'paper', 'http']","['covid', 'patient', 'age', 'include', 'seven', 'centenarian', 'cure', 'hubei', 'epicenter', 'china', 'covid', 'outbreak', 'say', 'white', 'paper', 'http']",1,1,",cure",",outbreak",neutral
111,"['chinese', 'mainland', 'report', 'new', 'domestically', 'transmitted', 'covid', 'case', 'friday', 'three', 'imported', 'case', 'report', 'guangdong', 'province', 'http']","['chinese', 'mainland', 'report', 'new', 'domestically', 'transmitted', 'covid', 'case', 'friday', 'three', 'imported', 'case', 'report', 'guangdong', 'province', 'http']",0,2,,",case,case",negative
112,"['chile', 'report', 'covid', 'case', 'death', 'http']","['chile', 'report', 'covid', 'case', 'death', 'http']",0,2,,",case,death",negative
113,"['covid', 'case', 'go', 'houston', 'since', 'texas', 'reopen', 'http']","['covid', 'case', 'go', 'houston', 'since', 'texas', 'reopen', 'http']",0,1,,",case",negative
114,"['somali', 'government', 'announce', 'domestic', 'flight', 'suspend', 'almost', 'two', 'month', 'due', 'covid', 'resume', 'operation', 'june', 'http']","['somali', 'government', 'announce', 'domestic', 'flight', 'suspend', 'almost', 'two', 'month', 'due', 'covid', 'resume', 'operation', 'june', 'http']",0,1,,",suspend",negative
115,"['get', 'asiapacific', 'covid', 'news', 'one', 'click', 'http', 'india', 'report', 'high', 'daily', 'spike', 'case', 'total', 'reach', 'fiji', 'announces', 'free', 'virus', 'korea', 'report', 'case', 'total', 'nepal', 'confirms', 'new', 'case', 'tally']","['get', 'asiapacific', 'covid', 'news', 'one', 'click', 'http', 'india', 'report', 'high', 'daily', 'spike', 'case', 'total', 'reach', 'fiji', 'announces', 'free', 'virus', 'korea', 'report', 'case', 'total', 'nepal', 'confirms', 'new', 'case', 'tally']",1,5,",free",",case,virus,case,case,tally",negative
116,"['coronavirus', 'watch', 'mideast', 'june', 'iran', 'see', 'record', 'daily', 'new', 'covid', 'case', 'amid', 'pandemic', 'respike', 'turkey', 'report', 'new', 'case', 'plan', 'resume', 'int', 'l', 'flight', 'china', 'send', 'new', 'anti', 'coronavirus', 'aid', 'syria', 'egypt', 'see', 'th', 'day', 'plus', 'new', 'infection']","['coronavirus', 'watch', 'mideast', 'june', 'iran', 'see', 'record', 'daily', 'new', 'covid', 'case', 'amid', 'pandemic', 'respike', 'turkey', 'report', 'new', 'case', 'plan', 'resume', 'int', 'l', 'flight', 'china', 'send', 'new', 'anti', 'coronavirus', 'aid', 'syria', 'egypt', 'see', 'th', 'day', 'plus', 'new', 'infection']",1,5,",aid",",case,pandemic,case,anti,infection",negative
117,"['latest', 'count', 'confirmed', 'covid', 'case', 'worldwide', 'gmt', 'june', 'world', 'u', 'brazil', 'russia', 'britain', 'spain', 'italy', 'india', 'germany', 'peru', 'turkey', 'data', 'johns', 'hopkins', 'university']","['latest', 'count', 'confirmed', 'covid', 'case', 'worldwide', 'gmt', 'june', 'world', 'u', 'brazil', 'russia', 'britain', 'spain', 'italy', 'india', 'germany', 'peru', 'turkey', 'data', 'johns', 'hopkins', 'university']",0,1,,",case",negative
118,"['clinic', 'trial', 'hydroxychloroquine', 'covid', 'patient', 'continue', 'http']","['clinic', 'trial', 'hydroxychloroquine', 'covid', 'patient', 'continue', 'http']",0,0,,,neutral
119,"['world', 'bank', 'project', 'global', 'economy', 'shrink', 'percent', 'amid', 'covid', 'pandemic', 'deep', 'recession', 'since', 'wwii', 'chinese', 'economy', 'expect', 'grow', 'percent', 'year', 'http']","['world', 'bank', 'project', 'global', 'economy', 'shrink', 'percent', 'amid', 'covid', 'pandemic', 'deep', 'recession', 'since', 'wwii', 'chinese', 'economy', 'expect', 'grow', 'percent', 'year', 'http']",0,2,,",pandemic,recession",negative
120,"['number', 'confirmed', 'covid', 'case', 'rise', 'nearly', 'death', 'across', 'africa', 'monday', 'accord', 'africa', 'cdc', 'http']","['number', 'confirmed', 'covid', 'case', 'rise', 'nearly', 'death', 'across', 'africa', 'monday', 'accord', 'africa', 'cdc', 'http']",0,3,,",case,rise,death",negative
121,"['cuban', 'tv', 'broadcast', 'class', 'teach', 'sign', 'language', 'first', 'time', 'amid', 'covid', 'lockdown', 'http']","['cuban', 'tv', 'broadcast', 'class', 'teach', 'sign', 'language', 'first', 'time', 'amid', 'covid', 'lockdown', 'http']",0,1,,",lockdown",negative
122,"['chile', 'see', 'high', 'single', 'day', 'fatality', 'count', 'since', 'start', 'covid', 'outbreak', 'http']","['chile', 'see', 'high', 'single', 'day', 'fatality', 'count', 'since', 'start', 'covid', 'outbreak', 'http']",0,1,,",outbreak",negative
123,"['global', 'covid', 'case', 'top', 'mln', 'death', 'toll', 'surpass', 'u', 'suffer', 'pandemic', 'case', 'death', 'toll', 'http']","['global', 'covid', 'case', 'top', 'mln', 'death', 'toll', 'surpass', 'u', 'suffer', 'pandemic', 'case', 'death', 'toll', 'http']",2,9,",top,surpass",",case,death,toll,surpass,suffer,pandemic,case,death,toll",negative
124,"['authorities', 'begin', 'house', 'house', 'search', 'close', 'contact', 'covid', 'case', 'argentina', '\\', '\\', 'capital', 'http']","['authorities', 'begin', 'house', 'house', 'search', 'close', 'contact', 'covid', 'case', 'argentina', '\\', '\\', 'capital', 'http']",0,2,,",close,case",negative
125,"['coronavirus', 'watch', 'june', 'http', 'philippines', 'number', 'covid', 'case', 'rise', 'new', 'case', 'afghanistan', 'number', 'confirmed', 'case', 'reach', 'new', 'case', 'india', 'death', 'toll', 'rise', 'total', 'case']","['coronavirus', 'watch', 'june', 'http', 'philippines', 'number', 'covid', 'case', 'rise', 'new', 'case', 'afghanistan', 'number', 'confirmed', 'case', 'reach', 'new', 'case', 'india', 'death', 'toll', 'rise', 'total', 'case']",0,9,,",case,rise,case,case,case,death,toll,rise,case",negative
126,"['closing', 'outbound', 'traffic', 'wuhan', 'crucial', 'stem', 'covid', 'spread', 'white', 'paper', 'http']","['closing', 'outbound', 'traffic', 'wuhan', 'crucial', 'stem', 'covid', 'spread', 'white', 'paper', 'http']",0,1,,",spread",negative
127,"['china', 'export', 'protective', 'material', 'country', 'region', 'march', 'may', 'help', 'fight', 'covid', 'accord', 'white', 'paper', 'http']","['china', 'export', 'protective', 'material', 'country', 'region', 'march', 'may', 'help', 'fight', 'covid', 'accord', 'white', 'paper', 'http']",2,0,",protective,help",,positive
128,"['china', 'make', 'covid', 'vaccine', 'global', 'public', 'good', 'ready', 'application', 'successful', 'research', 'clinical', 'trial', 'say', 'senior', 'chinese', 'official', 'http']","['china', 'make', 'covid', 'vaccine', 'global', 'public', 'good', 'ready', 'application', 'successful', 'research', 'clinical', 'trial', 'say', 'senior', 'chinese', 'official', 'http']",3,0,",good,ready,successful",,positive
129,"['females', 'live', 'rural', 'village', 'nepal', 'face', 'limited', 'access', 'product', 'like', 'sanitary', 'pad', 'covid', 'lockdown', 'volunteer', 'take', 'action', 'make', 'reusable', 'sanitary', 'pad', 'needy', 'woman', 'asiaalbum', 'story', 'http']","['females', 'live', 'rural', 'village', 'nepal', 'face', 'limited', 'access', 'product', 'like', 'sanitary', 'pad', 'covid', 'lockdown', 'volunteer', 'take', 'action', 'make', 'reusable', 'sanitary', 'pad', 'needy', 'woman', 'asiaalbum', 'story', 'http']",1,2,",like",",limited,lockdown",negative
130,"['new', 'confirm', 'covid', 'case', 'suspect', 'case', 'report', 'central', 'china', 'hubei', 'province', 'saturday', 'http']","['new', 'confirm', 'covid', 'case', 'suspect', 'case', 'report', 'central', 'china', 'hubei', 'province', 'saturday', 'http']",0,3,,",case,suspect,case",negative
131,"['jack', 'shall', 'jill', 'shall', 'well', 'group', 'wed', 'ceremony', 'hold', 'newly', 'married', 'couple', 'aid', 'covid', 'fight', 'http']","['jack', 'shall', 'jill', 'shall', 'well', 'group', 'wed', 'ceremony', 'hold', 'newly', 'married', 'couple', 'aid', 'covid', 'fight', 'http']",2,0,",well,aid",,positive
132,"['abrupt', 'move', 'united', 'states', 'sue', 'china', 'covid', 'violation', 'international', 'law', 'sovereign', 'immunity', 'say', 'pakistan', '\\', '\\', 'former', 'law', 'minister', 'fight', 'covid', 'require', 'transnational', 'effort', 'transnational', 'mistrust', 'http']","['abrupt', 'move', 'united', 'states', 'sue', 'china', 'covid', 'violation', 'international', 'law', 'sovereign', 'immunity', 'say', 'pakistan', '\\', '\\', 'former', 'law', 'minister', 'fight', 'covid', 'require', 'transnational', 'effort', 'transnational', 'mistrust', 'http']",1,4,",effort",",abrupt,sue,violation,mistrust",negative
133,"['brazil', 'consider', 'leave', 'unless', 'stop', 'partisan', 'political', 'organization', 'president', 'bolsonaro', 'http', 'earlier', 'show', 'opposite', 'view', 'bolsonaro', '\\', '\\', 'effort', 'lift', 'lockdown', 'covid', 'epidemic', 'still', 'plague', 'brazil']","['brazil', 'consider', 'leave', 'unless', 'stop', 'partisan', 'political', 'organization', 'president', 'bolsonaro', 'http', 'earlier', 'show', 'opposite', 'view', 'bolsonaro', '\\', '\\', 'effort', 'lift', 'lockdown', 'covid', 'epidemic', 'still', 'plague', 'brazil']",1,4,",effort",",partisan,lockdown,epidemic,plague",negative
134,"['global', 'solidarity', 'prevail', 'covid', 'crisis', 'chinese', 'fm', 'spokesperson', 'http']","['global', 'solidarity', 'prevail', 'covid', 'crisis', 'chinese', 'fm', 'spokesperson', 'http']",1,1,",solidarity",",crisis",neutral
135,"['schools', 'gradually', 'start', 'resume', 'class', 'put', 'place', 'various', 'safety', 'measure', 'namibia', 'two', 'month', 'closure', 'due', 'covid', 'http']","['schools', 'gradually', 'start', 'resume', 'class', 'put', 'place', 'various', 'safety', 'measure', 'namibia', 'two', 'month', 'closure', 'due', 'covid', 'http']",0,1,,",closure",negative
136,"['headlines', 'watch', 'trump', '\\', '\\', 'move', 'quit', 'cite', 'flaw', 'fact', 'trump', 'accuse', 'china', 'friendly', 'mislead', 'world', 'covid', 'ap', 'find', 'many', 'claim', 'false', 'read', 'http']","['headlines', 'watch', 'trump', '\\', '\\', 'move', 'quit', 'cite', 'flaw', 'fact', 'trump', 'accuse', 'china', 'friendly', 'mislead', 'world', 'covid', 'ap', 'find', 'many', 'claim', 'false', 'read', 'http']",1,3,",friendly",",flaw,accuse,mislead",negative
137,"['workers', 'prepare', 'quarantine', 'center', 'covid', 'patient', 'hapania', 'exhibition', 'centre', 'outskirt', 'agartala', 'capital', 'city', 'india', 'northeastern', 'state', 'tripura', 'http', 'asiaalbum']","['workers', 'prepare', 'quarantine', 'center', 'covid', 'patient', 'hapania', 'exhibition', 'centre', 'outskirt', 'agartala', 'capital', 'city', 'india', 'northeastern', 'state', 'tripura', 'http', 'asiaalbum']",2,0,",prepare,quarantine",,positive
138,"['namibian', 'president', 'hage', 'geingob', 'inaugurate', 'bed', 'isolation', 'facility', 'build', 'chinese', 'firm', 'help', 'namibia', 'contain', 'covid', 'outbreak', 'namibia', 'report', 'case', 'recovery', 'http']","['namibian', 'president', 'hage', 'geingob', 'inaugurate', 'bed', 'isolation', 'facility', 'build', 'chinese', 'firm', 'help', 'namibia', 'contain', 'covid', 'outbreak', 'namibia', 'report', 'case', 'recovery', 'http']",3,3,",facility,help,recovery",",isolation,outbreak,case",neutral
139,"['latest', 'count', 'confirmed', 'covid', 'case', 'worldwide', 'gmt', 'johns', 'hopkins', 'university', 'world', 'u', 'brazil', 'russia', 'britain', 'india', 'spain', 'italy', 'peru', 'france', 'germany']","['latest', 'count', 'confirmed', 'covid', 'case', 'worldwide', 'gmt', 'johns', 'hopkins', 'university', 'world', 'u', 'brazil', 'russia', 'britain', 'india', 'spain', 'italy', 'peru', 'france', 'germany']",0,1,,",case",negative
140,"['pic', 'crossing', 'continent', 'sea', 'china', 'medical', 'expert', 'aid', 'global', 'fight', 'covid', 'outbreak', 'http']","['pic', 'crossing', 'continent', 'sea', 'china', 'medical', 'expert', 'aid', 'global', 'fight', 'covid', 'outbreak', 'http']",1,1,",aid",",outbreak",neutral
141,"['china', 'suffer', 'tremendously', 'contribute', 'generously', 'global', 'effort', 'combat', 'covid', 'say', 'white', 'paper', 'http']","['china', 'suffer', 'tremendously', 'contribute', 'generously', 'global', 'effort', 'combat', 'covid', 'say', 'white', 'paper', 'http']",4,1,",tremendously,contribute,generously,effort",",suffer",positive
142,"['millions', 'chinese', 'medical', 'worker', 'grapple', 'covid', 'epidemic', 'front', 'line', 'across', 'country', 'say', 'white', 'paper', 'http']","['millions', 'chinese', 'medical', 'worker', 'grapple', 'covid', 'epidemic', 'front', 'line', 'across', 'country', 'say', 'white', 'paper', 'http']",0,2,,",grapple,epidemic",negative
143,"['indonesia', 'ready', 'speed', 'beltandroad', 'cooperation', 'project', 'jakarta', 'bandung', 'high', 'speed', 'railway', 'say', 'indonesian', 'minister', 'phone', 'talk', 'chinese', 'fm', 'thank', 'china', 'provide', 'assistance', 'help', 'indonesia', 'fight', 'covid', 'http']","['indonesia', 'ready', 'speed', 'beltandroad', 'cooperation', 'project', 'jakarta', 'bandung', 'high', 'speed', 'railway', 'say', 'indonesian', 'minister', 'phone', 'talk', 'chinese', 'fm', 'thank', 'china', 'provide', 'assistance', 'help', 'indonesia', 'fight', 'covid', 'http']",4,0,",ready,thank,assistance,help",,positive
144,"['click', 'http', 'asia', 'pacific', 'covid', 'news', 'confirmed', 'case', 'top', 'bangladesh', 'death', 'reach', 'indonesia', 'report', 'new', 'case', 'new', 'death', 'philippines', 'report', 'new', 'case', 'tally', 'afghanistan', 'report', 'new', 'case']","['click', 'http', 'asia', 'pacific', 'covid', 'news', 'confirmed', 'case', 'top', 'bangladesh', 'death', 'reach', 'indonesia', 'report', 'new', 'case', 'new', 'death', 'philippines', 'report', 'new', 'case', 'tally', 'afghanistan', 'report', 'new', 'case']",1,7,",top",",case,death,case,death,case,tally,case",negative
145,"['russia', 'confirm', 'new', 'covid', 'case', 'past', 'hour', 'raise', 'total', 'http']","['russia', 'confirm', 'new', 'covid', 'case', 'past', 'hour', 'raise', 'total', 'http']",0,1,,",case",negative
146,"['thursday', 'virtual', 'global', 'vaccine', 'summit', 'draw', 'pledge', 'billion', 'u', 'dollar', 'gov', 'ts', 'organization', 'fund', 'protect', 'child', 'deadly', 'disease', 'also', 'direct', 'research', 'distribution', 'vaccine', 'covid', 'http']","['thursday', 'virtual', 'global', 'vaccine', 'summit', 'draw', 'pledge', 'billion', 'u', 'dollar', 'gov', 'ts', 'organization', 'fund', 'protect', 'child', 'deadly', 'disease', 'also', 'direct', 'research', 'distribution', 'vaccine', 'covid', 'http']",2,1,",fund,protect",",deadly",positive
147,"['coronavirus', 'watch', 'june', 'http', 'world', 'leader', 'pledge', 'bln', 'usd', 'global', 'vaccine', 'summit', 'u', 'jobless', 'claim', 'climb', 'mln', 'last', 'week', 'covid', 'pandemic', 'still', 'threaten', 'canadians', 'health', 'trudeau', 'iran', 'daily', 'infection', 'hit', 'record', 'high']","['coronavirus', 'watch', 'june', 'http', 'world', 'leader', 'pledge', 'bln', 'usd', 'global', 'vaccine', 'summit', 'u', 'jobless', 'claim', 'climb', 'mln', 'last', 'week', 'covid', 'pandemic', 'still', 'threaten', 'canadians', 'health', 'trudeau', 'iran', 'daily', 'infection', 'hit', 'record', 'high']",0,4,,",jobless,pandemic,threaten,infection",negative
148,"['headlines', 'watch', 'un', 'news', 'address', 'appalling', 'impact', 'covid', 'minority', 'un', 'right', 'chief', 'http', 'prioritize', 'health', 'monitoring', 'amp', 'test', 'increase', 'access', 'healthcare', 'provide', 'target', 'information', 'racial', 'amp', 'ethnic', 'minority']","['headlines', 'watch', 'un', 'news', 'address', 'appalling', 'impact', 'covid', 'minority', 'un', 'right', 'chief', 'http', 'prioritize', 'health', 'monitoring', 'amp', 'test', 'increase', 'access', 'healthcare', 'provide', 'target', 'information', 'racial', 'amp', 'ethnic', 'minority']",1,1,",right",",appalling",neutral
149,"['asean', 'china', 'japan', 'korea', 'vow', 'keep', 'open', 'market', 'covid', 'epidemic', 'http']","['asean', 'china', 'japan', 'korea', 'vow', 'keep', 'open', 'market', 'covid', 'epidemic', 'http']",0,1,,",epidemic",negative
150,"['covid', 'case', 'chile', 'rise', 'death', 'quarantine', 'continue', 'june', 'capital', 'santiago', 'least', 'six', 'neighboring', 'town', 'http']","['covid', 'case', 'chile', 'rise', 'death', 'quarantine', 'continue', 'june', 'capital', 'santiago', 'least', 'six', 'neighboring', 'town', 'http']",1,3,",quarantine",",case,rise,death",negative
151,"['mexico', 'report', 'new', 'covid', 'death', 'total', 'infection', 'top', 'pan', 'american', 'health', 'organization', 'suggest', 'mexico', 'carry', 'test', 'suspected', 'case', 'http']","['mexico', 'report', 'new', 'covid', 'death', 'total', 'infection', 'top', 'pan', 'american', 'health', 'organization', 'suggest', 'mexico', 'carry', 'test', 'suspected', 'case', 'http']",1,5,",top",",death,infection,pan,suspected,case",negative
152,"['spanish', 'pm', 'say', 'bad', 'seek', 'final', 'extension', 'state', 'alarm', 'covid', 'http']","['spanish', 'pm', 'say', 'bad', 'seek', 'final', 'extension', 'state', 'alarm', 'covid', 'http']",0,2,,",bad,alarm",negative
153,"['never', 'participate', 'design', 'make', 'new', 'virus', 'ever', 'wuhan', 'lab', 'director', 'covid', 'http']","['never', 'participate', 'design', 'make', 'new', 'virus', 'ever', 'wuhan', 'lab', 'director', 'covid', 'http']",0,2,,",never,virus",negative
154,"['ethiopia', 'confirmed', 'covid', 'case', 'reach', 'new', 'covid', 'positive', 'case', 'confirm', 'wednesday', 'far', 'high', 'daily', 'increase', 'country', 'http']","['ethiopia', 'confirmed', 'covid', 'case', 'reach', 'new', 'covid', 'positive', 'case', 'confirm', 'wednesday', 'far', 'high', 'daily', 'increase', 'country', 'http']",0,3,,",case,positive,case",negative
155,"['three', 'sierra', 'leonean', 'child', 'include', 'nine', 'month', 'old', 'infant', 'infect', 'covid', 'recover', 'help', 'chinese', 'sierra', 'leonean', 'doctor', 'http']","['three', 'sierra', 'leonean', 'child', 'include', 'nine', 'month', 'old', 'infant', 'infect', 'covid', 'recover', 'help', 'chinese', 'sierra', 'leonean', 'doctor', 'http']",2,1,",recover,help",",infect",positive
156,"['latest', 'count', 'confirmed', 'covid', 'case', 'gmt', 'june', 'johns', 'hopkins', 'university', 'world', 'u', 'brazil', 'russia', 'britain', 'spain', 'italy', 'india', 'france', 'germany', 'peru']","['latest', 'count', 'confirmed', 'covid', 'case', 'gmt', 'june', 'johns', 'hopkins', 'university', 'world', 'u', 'brazil', 'russia', 'britain', 'spain', 'italy', 'india', 'france', 'germany', 'peru']",0,1,,",case",negative
157,"['chile', 'report', 'case', 'covid', 'death', 'http']","['chile', 'report', 'case', 'covid', 'death', 'http']",0,2,,",case,death",negative
158,"['sudan', 'seek', 'utilize', 'china', 'successful', 'experience', 'battle', 'covid', 'pandemic', 'sudanese', 'senior', 'official', 'say', 'thursday', 'hail', 'visit', 'chinese', 'medical', 'team', 'http', 'xhne', 'ws', 'z']","['sudan', 'seek', 'utilize', 'china', 'successful', 'experience', 'battle', 'covid', 'pandemic', 'sudanese', 'senior', 'official', 'say', 'thursday', 'hail', 'visit', 'chinese', 'medical', 'team', 'http', 'xhne', 'ws', 'z']",2,1,",successful,hail",",pandemic",positive
159,"['africa', 'cdc', 'reveal', 'plan', 'conduct', 'million', 'covid', 'test', 'next', 'month', 'number', 'confirmed', 'covid', 'case', 'across', 'african', 'continent', 'surpass', 'thursday', 'morning', 'http']","['africa', 'cdc', 'reveal', 'plan', 'conduct', 'million', 'covid', 'test', 'next', 'month', 'number', 'confirmed', 'covid', 'case', 'across', 'african', 'continent', 'surpass', 'thursday', 'morning', 'http']",1,2,",surpass",",case,surpass",negative
160,"['coronavirus', 'watch', 'update', 'june', 'http', 'us', 'state', 'oregon', 'start', 'nd', 'phase', 'reopen', 'iran', 'new', 'case', 'total', 'russia', 'new', 'case', 'total', 'uganda', 'eas', 'covid', 'restriction', 'reopen', 'public', 'transport']","['coronavirus', 'watch', 'update', 'june', 'http', 'us', 'state', 'oregon', 'start', 'nd', 'phase', 'reopen', 'iran', 'new', 'case', 'total', 'russia', 'new', 'case', 'total', 'uganda', 'eas', 'covid', 'restriction', 'reopen', 'public', 'transport']",0,3,,",case,case,restriction",negative
161,"['many', 'country', 'reopen', 'economy', 'situation', 'slowly', 'take', 'turn', 'good', 'government', 'worldwide', 'rid', 'ail', 'global', 'economy', 'pain', 'inflict', 'covid', 'click', 'video', 'find']","['many', 'country', 'reopen', 'economy', 'situation', 'slowly', 'take', 'turn', 'good', 'government', 'worldwide', 'rid', 'ail', 'global', 'economy', 'pain', 'inflict', 'covid', 'click', 'video', 'find']",1,4,",good",",slowly,ail,pain,inflict",negative
162,"['brazil', 'test', 'covid', 'vaccine', 'develop', 'university', 'oxford', 'brazil', 'first', 'country', 'outside', 'united', 'kingdom', 'efficacy', 'test', 'http']","['brazil', 'test', 'covid', 'vaccine', 'develop', 'university', 'oxford', 'brazil', 'first', 'country', 'outside', 'united', 'kingdom', 'efficacy', 'test', 'http']",0,0,,,neutral
163,"['covid', 'paralyze', 'economic', 'activity', 'around', 'world', 'amp', 'prospect', 'catastrophic', 'economic', 'crunch', 'hover', 'health', 'crisis', 'continue', 'shatter', 'economy', 'amp', 'disrupt', 'int', 'l', 'supply', 'chain', 'save', 'globalized', 'economy', 'require', 'even', 'strong', 'global', 'collaboration']","['covid', 'paralyze', 'economic', 'activity', 'around', 'world', 'amp', 'prospect', 'catastrophic', 'economic', 'crunch', 'hover', 'health', 'crisis', 'continue', 'shatter', 'economy', 'amp', 'disrupt', 'int', 'l', 'supply', 'chain', 'save', 'globalized', 'economy', 'require', 'even', 'strong', 'global', 'collaboration']",2,4,",save,strong",",catastrophic,crisis,shatter,disrupt",negative
164,"['latest', 'count', 'confirmed', 'covid', 'case', 'gmt', 'june', 'johns', 'hopkins', 'university', 'world', 'u', 'brazil', 'russia', 'britain', 'spain', 'italy', 'india', 'france', 'germany', 'peru']","['latest', 'count', 'confirmed', 'covid', 'case', 'gmt', 'june', 'johns', 'hopkins', 'university', 'world', 'u', 'brazil', 'russia', 'britain', 'spain', 'italy', 'india', 'france', 'germany', 'peru']",0,1,,",case",negative
165,"['hydroxychloroquine', 'fails', 'prevent', 'covid', 'infection', 'first', 'randomized', 'clinical', 'trial', 'find', 'examine', 'people', 'http']","['hydroxychloroquine', 'fails', 'prevent', 'covid', 'infection', 'first', 'randomized', 'clinical', 'trial', 'find', 'examine', 'people', 'http']",1,2,",prevent",",fails,infection",negative
166,"['african', 'continent', 'see', 'continue', 'growth', 'covid', 'total', 'tally', 'caseload', 'near', 'http']","['african', 'continent', 'see', 'continue', 'growth', 'covid', 'total', 'tally', 'caseload', 'near', 'http']",0,1,,",tally",negative
167,"['brazil', 'industrial', 'output', 'fall', 'percent', 'april', 'march', 'big', 'decline', 'since', 'result', 'impact', 'covid', 'pandemic', 'http']","['brazil', 'industrial', 'output', 'fall', 'percent', 'april', 'march', 'big', 'decline', 'since', 'result', 'impact', 'covid', 'pandemic', 'http']",0,3,,",fall,decline,pandemic",negative
168,"['insufficient', 'covid', 'test', 'u', 'public', 'contributes', 'high', 'death', 'toll', 'say', 'expert', 'http']","['insufficient', 'covid', 'test', 'u', 'public', 'contributes', 'high', 'death', 'toll', 'say', 'expert', 'http']",1,3,",contributes",",insufficient,death,toll",negative
169,"['global', 'ride', 'hailing', 'giant', 'didi', 'chuxing', 'apply', 'experience', 'glean', 'operation', 'china', 'provide', 'safe', 'ride', 'chile', 'amid', 'covid', 'pandemic']","['global', 'ride', 'hailing', 'giant', 'didi', 'chuxing', 'apply', 'experience', 'glean', 'operation', 'china', 'provide', 'safe', 'ride', 'chile', 'amid', 'covid', 'pandemic']",1,1,",safe",",pandemic",neutral
170,"['coronavirus', 'late', 'europe', 'http', 'uk', 'covid', 'death', 'hit', 'italy', 'report', 'new', 'single', 'day', 'death', 'spain', 'report', 'steep', 'increase', 'new', 'case', 'germany', 'report', 'new', 'case']","['coronavirus', 'late', 'europe', 'http', 'uk', 'covid', 'death', 'hit', 'italy', 'report', 'new', 'single', 'day', 'death', 'spain', 'report', 'steep', 'increase', 'new', 'case', 'germany', 'report', 'new', 'case']",0,5,,",death,death,steep,case,case",negative
171,"['australian', 'think', 'tank', 'find', 'thousand', 'twitter', 'account', 'spread', 'lie', 'covid', 'origin', 'identify', 'pro', 'trump', 'republican', 'qanon', 'twitter', 'bot', 'share', 'post', 'frequently', 'http']","['australian', 'think', 'tank', 'find', 'thousand', 'twitter', 'account', 'spread', 'lie', 'covid', 'origin', 'identify', 'pro', 'trump', 'republican', 'qanon', 'twitter', 'bot', 'share', 'post', 'frequently', 'http']",0,3,,",tank,spread,lie",negative
172,"['chinese', 'military', 'provide', 'medical', 'supply', 'help', 'laos', 'fight', 'covid', 'http']","['chinese', 'military', 'provide', 'medical', 'supply', 'help', 'laos', 'fight', 'covid', 'http']",1,0,",help",,positive
173,"['nigeria', 'movie', 'industry', 'set', 'resume', 'film', 'production', 'government', 'easing', 'measure', 'spread', 'covid', 'june', 'http']","['nigeria', 'movie', 'industry', 'set', 'resume', 'film', 'production', 'government', 'easing', 'measure', 'spread', 'covid', 'june', 'http']",1,1,",easing",",spread",neutral
174,"['russia', 'confirm', 'new', 'covid', 'case', 'past', 'hour', 'raise', 'total', 'http']","['russia', 'confirm', 'new', 'covid', 'case', 'past', 'hour', 'raise', 'total', 'http']",0,1,,",case",negative
175,"['come', 'asiapacific', 'covid', 'update', 'http', 'bangladesh', 'report', 'new', 'case', 'total', 'infections', 'indonesia', 'increase', 'philippines', 'announces', 'new', 'case', 'tally', 'malaysia', 'record', 'new', 'case', 'total']","['come', 'asiapacific', 'covid', 'update', 'http', 'bangladesh', 'report', 'new', 'case', 'total', 'infections', 'indonesia', 'increase', 'philippines', 'announces', 'new', 'case', 'tally', 'malaysia', 'record', 'new', 'case', 'total']",0,5,,",case,infections,case,tally,case",negative
176,"['latest', 'count', 'covid', 'case', 'worldwide', 'gmt', 'june', 'world', 'u', 'brazil', 'russia', 'britain', 'spain', 'italy', 'india', 'france', 'germany', 'peru', 'data', 'johns', 'hopkins', 'university']","['latest', 'count', 'covid', 'case', 'worldwide', 'gmt', 'june', 'world', 'u', 'brazil', 'russia', 'britain', 'spain', 'italy', 'india', 'france', 'germany', 'peru', 'data', 'johns', 'hopkins', 'university']",0,1,,",case",negative
177,"['come', 'asiapacific', 'covid', 'update', 'http', 'malaysia', 'record', 'new', 'case', 'total', 'bangladesh', 'report', 'new', 'case', 'total', 'philippines', 'announces', 'new', 'case', 'tally', 'infections', 'indonesia', 'increase']","['come', 'asiapacific', 'covid', 'update', 'http', 'malaysia', 'record', 'new', 'case', 'total', 'bangladesh', 'report', 'new', 'case', 'total', 'philippines', 'announces', 'new', 'case', 'tally', 'infections', 'indonesia', 'increase']",0,5,,",case,case,case,tally,infections",negative
178,"['rumorbuster', 'g', 'network', 'responsible', 'rapid', 'spread', 'novel', 'coronavirus', 'according', 'fact', 'checking', 'organization', 'evidence', 'g', 'anything', 'spread', 'covid', 'http']","['rumorbuster', 'g', 'network', 'responsible', 'rapid', 'spread', 'novel', 'coronavirus', 'according', 'fact', 'checking', 'organization', 'evidence', 'g', 'anything', 'spread', 'covid', 'http']",2,2,",rapid,checking",",spread,spread",neutral
179,"['tap', 'http', 'get', 'late', 'asiapacific', 'covid', 'news', 'india', 'register', 'new', 'case', 'total', 'reach', 'korea', 'report', 'case', 'total', 'australian', 'gov', 'announces', 'grant', 'housing', 'construction', 'stimulate', 'economy']","['tap', 'http', 'get', 'late', 'asiapacific', 'covid', 'news', 'india', 'register', 'new', 'case', 'total', 'reach', 'korea', 'report', 'case', 'total', 'australian', 'gov', 'announces', 'grant', 'housing', 'construction', 'stimulate', 'economy']",1,2,",stimulate",",case,case",negative
180,"['pandemic', 'covid', 'impose', 'panic', 'even', 'painful', 'memory', 'people', 'worldwide', 'silver', 'lining', 'perspective', 'singaporeans', 'embark', 'phrased', 'reopening', 'circuit', 'breaker', 'period', 'http']","['pandemic', 'covid', 'impose', 'panic', 'even', 'painful', 'memory', 'people', 'worldwide', 'silver', 'lining', 'perspective', 'singaporeans', 'embark', 'phrased', 'reopening', 'circuit', 'breaker', 'period', 'http']",0,4,,",pandemic,impose,panic,painful",negative
181,"['chile', 'covid', 'case', 'top', 'death', 'http']","['chile', 'covid', 'case', 'top', 'death', 'http']",1,2,",top",",case,death",negative
182,"['covid', 'fallout', 'reduce', 'u', 'economy', 'trillion', 'usd', 'next', 'decade', 'accord', 'congressional', 'budget', 'office', 'http']","['covid', 'fallout', 'reduce', 'u', 'economy', 'trillion', 'usd', 'next', 'decade', 'accord', 'congressional', 'budget', 'office', 'http']",0,1,,",fallout",negative
183,"['xinhua', 'headlines', 'beltandroad', 'construction', 'forge', 'ahead', 'despite', 'covid', 'challenge', 'http']","['xinhua', 'headlines', 'beltandroad', 'construction', 'forge', 'ahead', 'despite', 'covid', 'challenge', 'http']",0,0,,,neutral
184,"['primary', 'secondary', 'school', 'student', 'final', 'year', 'start', 'return', 'class', 'cameroon', 'school', 'suspend', 'since', 'march', 'due', 'outbreak', 'covid', 'http']","['primary', 'secondary', 'school', 'student', 'final', 'year', 'start', 'return', 'class', 'cameroon', 'school', 'suspend', 'since', 'march', 'due', 'outbreak', 'covid', 'http']",0,2,,",suspend,outbreak",negative
185,"['nigeria', 'say', 'nation', 'yet', 'reach', 'peak', 'covid', 'pandemic', 'confirmed', 'case', 'continue', 'rise', 'surpass', 'mark', 'http']","['nigeria', 'say', 'nation', 'yet', 'reach', 'peak', 'covid', 'pandemic', 'confirmed', 'case', 'continue', 'rise', 'surpass', 'mark', 'http']",1,4,",surpass",",pandemic,case,rise,surpass",negative
186,"['zambian', 'pupil', 'examination', 'class', 'flock', 'back', 'school', 'two', 'month', 'lockdown', 'cause', 'covid', 'outbreak', 'http']","['zambian', 'pupil', 'examination', 'class', 'flock', 'back', 'school', 'two', 'month', 'lockdown', 'cause', 'covid', 'outbreak', 'http']",0,2,,",lockdown,outbreak",negative
187,"['death', 'georgefloyd', 'highlight', 'racial', 'discrimination', 'u', 'ongoing', 'demonstration', 'also', 'sign', 'frustration', 'despair', 'african', 'american', 'community', 'minority', 'group', 'ravage', 'covid', 'outbreak', 'turkish', 'expert', 'http']","['death', 'georgefloyd', 'highlight', 'racial', 'discrimination', 'u', 'ongoing', 'demonstration', 'also', 'sign', 'frustration', 'despair', 'african', 'american', 'community', 'minority', 'group', 'ravage', 'covid', 'outbreak', 'turkish', 'expert', 'http']",0,6,,",death,discrimination,frustration,despair,ravage,outbreak",negative
188,"['headlines', 'watch', 'nytimes', 'protests', 'set', 'second', 'viral', 'wave', 'http', 'gatherings', 'could', 'become', 'super', 'spreader', 'event', 'tear', 'gas', 'pepper', 'spray', 'increase', 'respiratory', 'secretion', 'asymptomatic', 'covid', 'carrier', 'may', 'join', 'violence', 'avoid']","['headlines', 'watch', 'nytimes', 'protests', 'set', 'second', 'viral', 'wave', 'http', 'gatherings', 'could', 'become', 'super', 'spreader', 'event', 'tear', 'gas', 'pepper', 'spray', 'increase', 'respiratory', 'secretion', 'asymptomatic', 'covid', 'carrier', 'may', 'join', 'violence', 'avoid']",2,3,",super,join",",protests,spreader,respiratory",negative
189,"['although', 'covid', 'pandemic', 'cause', 'disruption', 'shortage', 'hand', 'delayed', 'supply', 'chinese', 'worker', 'engineer', 'still', 'work', 'construction', 'site', 'belt', 'road', 'project', 'laos', 'cambodia', 'indonesia', 'click']","['although', 'covid', 'pandemic', 'cause', 'disruption', 'shortage', 'hand', 'delayed', 'supply', 'chinese', 'worker', 'engineer', 'still', 'work', 'construction', 'site', 'belt', 'road', 'project', 'laos', 'cambodia', 'indonesia', 'click']",0,4,,",pandemic,disruption,shortage,delayed",negative
190,"['coronavirus', 'watch', 'update', 'june', 'http', 'afghanistan', 'case', 'rise', 'covid', 'fallout', 'cost', 'u', 'economy', 'tln', 'usd', 'next', 'decade', 'brazil', 'death', 'toll', 'near', 'recovery', 'rate', 'india', 'increase']","['coronavirus', 'watch', 'update', 'june', 'http', 'afghanistan', 'case', 'rise', 'covid', 'fallout', 'cost', 'u', 'economy', 'tln', 'usd', 'next', 'decade', 'brazil', 'death', 'toll', 'near', 'recovery', 'rate', 'india', 'increase']",1,5,",recovery",",case,rise,fallout,death,toll",negative
191,"['russia', 'confirm', 'total', 'covid', 'case', 'include', 'death', 'http']","['russia', 'confirm', 'total', 'covid', 'case', 'include', 'death', 'http']",0,2,,",case,death",negative
192,"['country', 'worldwide', 'report', 'high', 'new', 'number', 'case', 'past', 'hour', 'americas', 'say', 'official', 'read', 'americas', 'torment', 'covid', 'still', 'killer', 'virus', 'http']","['country', 'worldwide', 'report', 'high', 'new', 'number', 'case', 'past', 'hour', 'americas', 'say', 'official', 'read', 'americas', 'torment', 'covid', 'still', 'killer', 'virus', 'http']",0,4,,",case,torment,killer,virus",negative
193,"['get', 'asiapacific', 'covid', 'news', 'one', 'click', 'http', 'south', 'korea', 'report', 'case', 'total', 'nepal', 'face', 'shortage', 'vital', 'medical', 'supply', 'surging', 'case', 'india', 'death', 'toll', 'rise', 'total', 'case', 'reach']","['get', 'asiapacific', 'covid', 'news', 'one', 'click', 'http', 'south', 'korea', 'report', 'case', 'total', 'nepal', 'face', 'shortage', 'vital', 'medical', 'supply', 'surging', 'case', 'india', 'death', 'toll', 'rise', 'total', 'case', 'reach']",0,7,,",case,shortage,case,death,toll,rise,case",negative
194,"['national', 'gallery', 'singapore', 'launch', 'first', 'ever', 'online', 'art', 'festival', 'child', 'play', 'learn', 'create', 'art', 'part', 'effort', 'bring', 'art', 'experience', 'audience', 'amid', 'covid', 'crisis', 'http', 'smallbigdreamersathome']","['national', 'gallery', 'singapore', 'launch', 'first', 'ever', 'online', 'art', 'festival', 'child', 'play', 'learn', 'create', 'art', 'part', 'effort', 'bring', 'art', 'experience', 'audience', 'amid', 'covid', 'crisis', 'http', 'smallbigdreamersathome']",1,1,",effort",",crisis",neutral
195,"['peru', 'covid', 'case', 'top', 'death', 'reach', 'http']","['peru', 'covid', 'case', 'top', 'death', 'reach', 'http']",1,2,",top",",case,death",negative
196,"['chile', 'covid', 'case', 'exceed', 'death', 'toll', 'hit', 'http']","['chile', 'covid', 'case', 'exceed', 'death', 'toll', 'hit', 'http']",0,3,,",case,death,toll",negative
197,"['every', 'sunday', 'cuban', 'tenor', 'andres', 'sanchez', 'go', 'onto', 'balcony', 'ninth', 'floor', 'apartment', 'building', 'havana', 'belt', 'song', 'help', 'friend', 'neighbor', 'feel', 'little', 'connected', 'covid', 'lockdown']","['every', 'sunday', 'cuban', 'tenor', 'andres', 'sanchez', 'go', 'onto', 'balcony', 'ninth', 'floor', 'apartment', 'building', 'havana', 'belt', 'song', 'help', 'friend', 'neighbor', 'feel', 'little', 'connected', 'covid', 'lockdown']",1,1,",help",",lockdown",neutral
198,"['chicago', 'resume', 'economic', 'activity', 'amid', 'impact', 'covid', 'pandemic', 'protest', 'death', 'georgefloyd', 'http']","['chicago', 'resume', 'economic', 'activity', 'amid', 'impact', 'covid', 'pandemic', 'protest', 'death', 'georgefloyd', 'http']",0,3,,",pandemic,protest,death",negative
199,"['covid', 'vaccine', 'may', 'available', 'portion', 'u', 'limited', 'supply', 'winter', 'u', 'plan', 'test', 'vaccine', 'volunteer']","['covid', 'vaccine', 'may', 'available', 'portion', 'u', 'limited', 'supply', 'winter', 'u', 'plan', 'test', 'vaccine', 'volunteer']",1,1,",available",",limited",neutral
200,"['coronavirus', 'watch', 'update', 'june', 'http', 'iran', 'confirm', 'case', 'top', 'namibia', 'president', 'commission', 'isolation', 'facility', 'build', 'chinese', 'firm', 'india', 'mumbai', 'evacuate', 'covid', 'patient', 'makeshift', 'hospital', 'ahead', 'cyclone', 'nisarga']","['coronavirus', 'watch', 'update', 'june', 'http', 'iran', 'confirm', 'case', 'top', 'namibia', 'president', 'commission', 'isolation', 'facility', 'build', 'chinese', 'firm', 'india', 'mumbai', 'evacuate', 'covid', 'patient', 'makeshift', 'hospital', 'ahead', 'cyclone', 'nisarga']",2,2,",top,facility",",case,isolation",neutral
201,"['come', 'asiapacific', 'covid', 'update', 'http', 'bangladesh', 'report', 'new', 'case', 'total', 'infections', 'indonesia', 'increase', 'philippines', 'announces', 'new', 'case', 'tally', 'malaysia', 'record', 'new', 'case', 'total']","['come', 'asiapacific', 'covid', 'update', 'http', 'bangladesh', 'report', 'new', 'case', 'total', 'infections', 'indonesia', 'increase', 'philippines', 'announces', 'new', 'case', 'tally', 'malaysia', 'record', 'new', 'case', 'total']",0,5,,",case,infections,case,tally,case",negative
202,"['headlines', 'watch', 'june', 'politico', 'trump', 'supporter', 'twitter', 'spread', 'covid', 'rumor', 'china', 'http', 'nearly', 'group', 'trump', 'supporter', 'twitter', 'spread', 'rumor', 'covid', 'create', 'china', 'many', 'automate', 'frequently', 'share', 'post']","['headlines', 'watch', 'june', 'politico', 'trump', 'supporter', 'twitter', 'spread', 'covid', 'rumor', 'china', 'http', 'nearly', 'group', 'trump', 'supporter', 'twitter', 'spread', 'rumor', 'covid', 'create', 'china', 'many', 'automate', 'frequently', 'share', 'post']",2,4,",supporter,supporter",",spread,rumor,spread,rumor",negative
203,"['one', 'safe', 'everyone', 'safe', 'let', 'us', 'remove', 'unwarranted', 'barrier', 'explore', 'model', 'regularize', 'pathway', 'migrant', 'reduce', 'transaction', 'cost', 'remittance', 'un', 'chief', 'asks', 'protection', 'people', 'move', 'covid', 'pandemic', 'http']","['one', 'safe', 'everyone', 'safe', 'let', 'us', 'remove', 'unwarranted', 'barrier', 'explore', 'model', 'regularize', 'pathway', 'migrant', 'reduce', 'transaction', 'cost', 'remittance', 'un', 'chief', 'asks', 'protection', 'people', 'move', 'covid', 'pandemic', 'http']",3,2,",safe,safe,protection",",unwarranted,pandemic",positive
204,"['malawians', 'fight', 'covid', 'common', 'front', 'chinese', 'battle', 'pandemic', 'win', 'say', 'malawian', 'health', 'official']","['malawians', 'fight', 'covid', 'common', 'front', 'chinese', 'battle', 'pandemic', 'win', 'say', 'malawian', 'health', 'official']",1,1,",win",",pandemic",neutral
205,"['people', 'life', 'give', 'top', 'priority', 'international', 'cooperation', 'need', 'fight', 'covid', 'pandemic', 'say', 'participant', 'video', 'seminar', 'human', 'right', 'protection']","['people', 'life', 'give', 'top', 'priority', 'international', 'cooperation', 'need', 'fight', 'covid', 'pandemic', 'say', 'participant', 'video', 'seminar', 'human', 'right', 'protection']",3,1,",top,right,protection",",pandemic",positive
206,"['covid', 'pandemic', 'could', 'push', 'mln', 'people', 'extreme', 'poverty', 'worldbank', 'poor', 'vulnerable', 'hard', 'hit', 'say', 'world', 'bank', 'chief', 'http']","['covid', 'pandemic', 'could', 'push', 'mln', 'people', 'extreme', 'poverty', 'worldbank', 'poor', 'vulnerable', 'hard', 'hit', 'say', 'world', 'bank', 'chief', 'http']",0,5,,",pandemic,poverty,poor,vulnerable,hard",negative
207,"['click', 'http', 'asia', 'pacific', 'covid', 'news', 'coronavirus', 'case', 'surpass', 'mark', 'india', 'korea', 'report', 'case', 'new', 'zealand', 'reveal', 'detail', 'relaxed', 'covid', 'rule', 'country', 'return', 'normal', 'singapore', 'report', 'new', 'case']","['click', 'http', 'asia', 'pacific', 'covid', 'news', 'coronavirus', 'case', 'surpass', 'mark', 'india', 'korea', 'report', 'case', 'new', 'zealand', 'reveal', 'detail', 'relaxed', 'covid', 'rule', 'country', 'return', 'normal', 'singapore', 'report', 'new', 'case']",2,4,",surpass,relaxed",",case,surpass,case,case",negative
208,"['wuhan', 'former', 'epicenter', 'covid', 'outbreak', 'china', 'see', 'urban', 'life', 'return', 'gradually', 'back', 'normal', 'http']","['wuhan', 'former', 'epicenter', 'covid', 'outbreak', 'china', 'see', 'urban', 'life', 'return', 'gradually', 'back', 'normal', 'http']",0,1,,",outbreak",negative
